<?xml version="1.0" encoding="UTF-8"?>
<beans xmlns="http://www.springframework.org/schema/beans"
	xmlns:xsi="http://www.w3.org/2001/XMLSchema-instance" xmlns:util="http://www.springframework.org/schema/util"
	xsi:schemaLocation="
    http://www.springframework.org/schema/beans http://www.springframework.org/schema/beans/spring-beans.xsd
    http://www.springframework.org/schema/util http://www.springframework.org/schema/util/spring-util.xsd">

	<bean id="address" class="com.springpackage.Address">
		<property name="number" value=" 14">
		</property>
	</bean>

	<!-- Bean AutoWiring using the constructor -->
	<bean id="employ" class="com.springpackage.Employee" autowire="constructor">
		<property name="id" value="844822"></property>
	</bean>

	<!-- Bean AutoWiring using the byName -->
	<bean id="employ1" class="com.springpackage.Employee" autowire="byType">
		<property name="id" value="844800"></property>
	</bean>

	<!-- Bean AutoWiring using the byType -->
	<bean id="employ2" class="com.springpackage.Employee" autowire="byName">
		<property name="id" value="844811"></property>
	</bean>



</beans>
    