<?xml version="1.0" encoding="UTF-8"?>

<beans xmlns="http://www.springframework.org/schema/beans"
	xmlns:xsi="http://www.w3.org/2001/XMLSchema-instance" xmlns:util="http://www.springframework.org/schema/util"
	xsi:schemaLocation="
    http://www.springframework.org/schema/beans http://www.springframework.org/schema/beans/spring-beans.xsd
    http://www.springframework.org/schema/util http://www.springframework.org/schema/util/spring-util.xsd">

	<bean id="firstBean" class="com.springmap.QuestionMap">
		<constructor-arg name="id" value="24"></constructor-arg>
		<constructor-arg name="name" value="What is Java?"></constructor-arg>
		<constructor-arg name="answers">
			<map>
				<entry key="Java is OOP" value="Balaji"></entry>
				<entry key="Java is a Programming Language" value="Uma"></entry>
				<entry key="Java is a coffeebean" value="Chechi"></entry>
			</map>
		</constructor-arg>
	</bean>

</beans>