<?xml version="1.0" encoding="UTF-8"?>

<beans xmlns="http://www.springframework.org/schema/beans"
	xmlns:xsi="http://www.w3.org/2001/XMLSchema-instance" xmlns:util="http://www.springframework.org/schema/util"
	xsi:schemaLocation="
    http://www.springframework.org/schema/beans http://www.springframework.org/schema/beans/spring-beans.xsd
    http://www.springframework.org/schema/util http://www.springframework.org/schema/util/spring-util.xsd">

	<bean id="set" class="com.springpackage.SpringSet">

		<property name="set">
			<set>

				<bean id="emp1" class="com.springpackage.Employee">
					<property name="id" value="24"></property>
				</bean>
				<bean id="emp2" class="com.springpackage.Employee">
					<property name="id" value="16"></property>
				</bean>
				<bean id="emp3" class="com.springpackage.Employee">
					<property name="id" value="01"></property>
				</bean>
				<bean id="emp4" class="com.springpackage.Employee">
					<property name="id" value="15"></property>
				</bean>
				<bean id="emp5" class="com.springpackage.Employee">
					<property name="id" value="55"></property>
				</bean>
				<bean id="emp1" class="com.springpackage.Employee">
					<property name="id" value="24"></property>
				</bean>

			</set>
		</property>
	</bean>
</beans>
    