<?xml version="1.0" encoding="UTF-8"?>

<beans xmlns="http://www.springframework.org/schema/beans"
    xmlns:xsi="http://www.w3.org/2001/XMLSchema-instance"
    xmlns:util="http://www.springframework.org/schema/util" xsi:schemaLocation="
    http://www.springframework.org/schema/beans http://www.springframework.org/schema/beans/spring-beans.xsd
    http://www.springframework.org/schema/util http://www.springframework.org/schema/util/spring-util.xsd">

	<!-- Using Inner Bean -->
	<bean id="customer" class="com.bean.Customer">
		<property name="cusid" value="24"></property>
		<property name="person">
			<bean id="persondetails" class="com.bean.Person">
			<property name="name" value="Mahesh"></property>
			<property name="address" value="chennai"></property>
			</bean>
		</property>
	</bean>  
	
	<!-- Using Reference Attribute -->
	<bean id="customer1" class="com.bean.Customer">
		<property name="cusid" value="16"></property>
		<property name="person" ref="persondetails1"></property>
	</bean>        
	<bean id="persondetails1" class="com.bean.Person">
			<property name="name" value="Balaji"></property>
			<property name="address" value="chennai"></property>
	</bean>      

	<!-- Inheritance Concept -->
	<bean id="employee" class="com.bean.Employee" parent="persondetails1">
		<property name="id" value="844966"></property>
	</bean>
</beans>